company_id,company_name,equity_ticker,cds_ticker,redcode,shortname,match_type
1487712,AIR LEASE CORPORATION,AL,AIRLEA,009A3Z,AIR LEASE CORP,exact_name_norm
1018963,ATI Inc.,ATI,ATIINC,0A2383,ATI INC,exact_name_norm
23217,"Conagra Brands, Inc.",CAG,CONABRA,225DHN,CONAGRA BRANDS INC,exact_name_norm
723612,"Avis Budget Group, Inc.",CAR,AVBDGT,058AEB,AVIS BUDGET GROUP INC,exact_name_norm
26172,CUMMINS INC.,CMI,CUM,2F4123,CUMMINS INC,exact_name_norm
26780,Dana Incorporated,DAN,DANAINC,258DAH,DANA INC,exact_name_norm
1324424,"EXPEDIA GROUP, INC.",EXPE,EXPEGRO,3D233N,EXPEDIA GROUP INC,exact_name_norm
887936,"FTI Consulting, Inc.",FCN,FTICO,332BD5,FTI CONSULTING INC,exact_name_norm
1468174,HYATT HOTELS CORPORATION,H,HYAHO,48CDCG,HYATT HOTELS CORP,exact_name_norm
47111,THE HERSHEY COMPANY,HSY,THCC,469FCJ,HERSHEY CO,exact_name_norm
4281,HOWMET AEROSPACE INC.,HWM,HOWMAER,4I7521,HOWMET AEROSPACE INC,exact_name_norm
216228,ITT INC.,ITT,ITTC,4ABCBK,ITT CORP,exact_name_norm
871763,MANPOWERGROUP INC.,MAN,MANPINC,5BA59N,MANPOWERGROUP INC,exact_name_norm
63754,McCormick & Co Inc.,MKC,MCCRK,5CGGF8,MCCORMICK & CO INC,exact_name_norm
833079,MERITAGE HOMES CORPORATION,MTH,MRHMC,5E901B,MERITAGE HOMES CORP,exact_name_norm
1133421,NORTHROP GRUMMAN CORP /DE/,NOC,NORGRM,6CCE9H,NORTHROP GRUMMAN CORP,exact_name_norm
814453,NEWELL BRANDS INC.,NWL,NEWEBRA,6B632H,NEWELL BRANDS INC,exact_name_norm
822416,"PULTEGROUP, INC.",PHM,PHMG,7B9DFM,PULTEGROUP INC,exact_name_norm
101829,RTX CORPORATION,RTX,RTXCOR,7BDHBK,RTX CORP,exact_name_norm
93556,"STANLEY BLACK & DECKER, INC.",SWK,STNBDK,8D9952,STANLEY BLACK & DECKER INC,exact_name_norm
98362,TIMKEN CO,TKR,MPBCO,8GFABH,TIMKEN CO,exact_name_norm
1361658,Travel & Leisure Co.,TNL,TRAVLEI,8HD57A,TRAVEL LEISURE CO,exact_name_norm
77543,Tutor Perini Corporation,TPC,TUTPC,9J1219,TUTOR PERINI CORP,exact_name_norm
1116132,"Tapestry, Inc.",TPR,TAPEINC,8FD633,TAPESTRY INC,exact_name_norm
1318605,"Tesla, Inc.",TSLA,TESLINC,U2G91L,TESLA INC,exact_name_norm
1543151,"UBER TECHNOLOGIES, INC.",UBER,UBERTEC,9J388W,UBER TECHNOLOGIES INC,exact_name_norm
933036,"Upbound Group, Inc.",UPBD,UPBOGRO,9J352G,UPBOUND GROUP INC,exact_name_norm
104169,Walmart Inc.,WMT,WALMINC,9C58DM,WALMART INC,exact_name_norm
7084,Archer-Daniels-Midland Co,ADM,ADM,03CDCB,ARCHER DANIELS MIDLAND CO,exact_ticker
8670,"AUTOMATIC DATA PROCESSING, INC.",ADP,ADP,0F8316,AUTOMATIC DATA PROCESSING INC,exact_ticker
1018724,AMAZON COM INC,AMZN,AMZN,0C5448,AMAZON COM INC,exact_ticker
350698,"AUTONATION, INC.",AN,AN,0F85B0,AUTONATION INC,exact_ticker
1062231,DAUCH CORPORATION,AXL,AXL,066467,AMERN AXLE & MFG HLDGS INC,exact_ticker
1144215,ACUITY INC.,AYI,AYI,0A5586,ACUITY BRANDS INC,exact_ticker
866787,AUTOZONE INC,AZO,AZO,0F8665,AUTOZONE INC,exact_ticker
12927,BOEING CO,BA,BA,09G725,BOEING CO,exact_ticker
764478,"BEST BUY CO., INC.",BBY,BBY,08EB67,BEST BUY CO INC,exact_ticker
14930,Brunswick Corporation,BC,BC,1C8747,BRUNSWICK CORP,exact_ticker
1383312,"BROADRIDGE FINANCIAL SOLUTIONS, INC.",BR,BR,1D4215,BURLINGTON RES INC,exact_ticker
908255,BorgWarner Inc.,BWA,BWA,09IG96,BORGWARNER INC,exact_ticker
906553,BOYD GAMING CORP,BYD,BYD,1B3634,BOYD GAMING CORP,exact_ticker
915840,"BEAZER HOMES USA, INC.",BZH,BZH,07CABW,BEAZER HOMES USA INC,exact_ticker
18230,CATERPILLAR INC,CAT,CAT,15DA35,CATERPILLAR INC,exact_ticker
313927,"CHURCH & DWIGHT CO., INC.",CHD,CHD,1I8474,CHURCH & DWIGHT CO INC,exact_ticker
21665,COLGATE-PALMOLIVE COMPANY,CL,CL,1AD578,COLGATE PALMOLIVE CO,exact_ticker
913277,CLARUS CORPORATION,CLAR,CLAR,HI5CC7,CLARIANT AG,exact_ticker
21076,THE CLOROX COMPANY,CLX,CLX,19H959,CLOROX CO,exact_ticker
909832,COSTCO WHOLESALE CORP /NEW,COST,COST,2E376K,COSTCO WHSL CORP,exact_ticker
16732,THE CAMPBELL'S COMPANY,CPB,CPB,1E786B,CAMPBELL SOUP CO,exact_ticker
790051,CARLISLE COMPANIES INCORPORATED,CSL,CSL,1F656C,CARLISLE COS INC,exact_ticker
277948,CSX CORPORATION,CSX,CSX,138A48,CSX CORP,exact_ticker
27904,"DELTA AIR LINES, INC.",DAL,DAL,26BA97,DELTA AIR LINES INC,exact_ticker
28917,"DILLARD'S, INC.",DDS,DDS,2H946D,DILLARDS INC,exact_ticker
315189,DEERE & CO,DE,DE,2G85AI,DEERE & CO,exact_ticker
29534,DOLLAR GENERAL CORPORATION,DG,DG,27BCCF,$ GEN CORP,exact_ticker
882184,"D.R. Horton, Inc.",DHI,DHI,2F664B,D R HORTON INC,exact_ticker
27996,DELUXE CORPORATION,DLX,DLX,UW6BFH,DELUXE CORP,exact_ticker
29905,Dover Corporation,DOV,DOV,2I6003,DOVER CORP,exact_ticker
940944,DARDEN RESTAURANTS INC,DRI,DRI,25A8AD,DARDEN RESTAURANTS INC,exact_ticker
1065088,eBay Inc.,EBAY,EBAY,29FEA6,EBAY INC.,exact_ticker
33185,EQUIFAX INC.,EFX,EFX,2BD86B,EQUIFAX INC,exact_ticker
1001250,Estee Lauder Companies Inc,EL,EL,569C7C,ESTEE LAUDER COS INC,exact_ticker
32604,Emerson Electric Co.,EMR,EMR,2BA112,EMERSON ELEC CO,exact_ticker
37996,FORD MOTOR CO,F,F,3H98A7,FORD MTR CO,exact_ticker
1048911,FedEx Corporation,FDX,FDX,3E56A5,FEDEX CORP,exact_ticker
1124198,FLUOR CORPORATION,FLR,FLR,3H7753,FLUOR CORP,exact_ticker
39911,"GAP, INC",GAP,GAP,3C907E,GT ATLANTIC & PACIFIC TEA CO INC,exact_ticker
40533,GENERAL DYNAMICS CORPORATION,GD,GD,39FEA5,GEN DYNAMICS CORP,exact_ticker
40545,GENERAL ELECTRIC COMPANY,GE,GE,39FF64,GEN ELEC CO,exact_ticker
40704,"GENERAL MILLS, INC.",GIS,GIS,3A7367,GEN MLS INC,exact_ticker
42582,THE GOODYEAR TIRE & RUBBER COMPANY,GT,GT,3BA7A5,GOODYEAR TIRE & RUBR CO,exact_ticker
46080,"Hasbro, Inc.",HAS,HAS,4F985B,HASBRO INC,exact_ticker
354950,"HOME DEPOT, INC.",HD,HD,47A77D,HOME DEPOT INC,exact_ticker
46619,HEICO CORPORATION,HEI,HEI,DG48AB,HEIDELBERGCEMENT AG,exact_ticker
773840,HONEYWELL INTERNATIONAL INC,HON,HON,47BD67,HONEYWELL INTL INC,exact_ticker
357294,HOVNANIAN ENTERPRISES INC,HOV,HOV,4I66CF,HOVNANIAN ENTPERS INC,exact_ticker
12659,"H&R Block, Inc.",HRB,HRB,09C9D8,H & R BLOCK INC,exact_ticker
1158463,JETBLUE AIRWAYS CORP,JBLU,JBLU,4BE857,JETBLUE AWYS CORP,exact_ticker
795266,KB HOME,KBH,KBH,4CECCQ,KB HOME,exact_ticker
55785,KIMBERLY-CLARK CORPORATION,KMB,KMB,4DD79E,KIMBERLYCLARK CORP,exact_ticker
21344,COCA COLA CO,KO,KO,1AA337,COCACOLA CO,exact_ticker
56873,Kroger Co.,KR,KR,5F1148,THE KROGER CO.,exact_ticker
885639,KOHL’S CORP,KSS,KSS,5F027A,KOHLS CORP,exact_ticker
912766,"Laureate Education, Inc.",LAUR,LAUR,569E74,LAUREATE ED INC,exact_ticker
920760,LENNAR CORP /NEW/,LEN,LEN,5H865C,LENNAR CORP,exact_ticker
936468,LOCKHEED MARTIN CORPORATION,LMT,LMT,58CHB3,LOCKHEED MARTIN CORP,exact_ticker
60667,LOWES COMPANIES INC,LOW,LOW,59CEC7,LOWES COS INC,exact_ticker
92380,SOUTHWEST AIRLINES CO,LUV,LUV,8C8BB5,SOUTHWEST AIRLS CO,exact_ticker
794367,"Macy's, Inc.",M,M,5AB77V,MACY S INC,exact_ticker
1048286,MARRIOTT INTERNATIONAL INC /MD/,MAR,MAR,5C8A93,MARRIOTT INTL INC,exact_ticker
62996,Masco Corporation,MAS,MAS,5CB9EI,MASCO CORP,exact_ticker
63276,MATTEL INC /DE/,MAT,MAT,5CE789,MATTEL INC,exact_ticker
63908,McDONALD’S CORPORATION,MCD,MCD,5D8148,MCDONALDS CORP,exact_ticker
851968,"MOHAWK INDUSTRIES, INC.",MHK,MHK,6G89A9,MOHAWK INDS INC,exact_ticker
66740,3M COMPANY,MMM,MMM,8GDCG7,3M CO,exact_ticker
764180,"ALTRIA GROUP, INC.",MO,MO,0C4291,ALTRIA GP INC,exact_ticker
61986,"The Manitowoc Company, Inc.",MTW,MTW,UZB94S,MANITOWOC CO INC,exact_ticker
1350593,"MUELLER WATER PRODUCTS, INC.",MWA,MWA,5EB8BE,MET WATER DIST OF SOUTHERN CA,exact_ticker
320187,"NIKE, Inc.",NKE,NKE,6B9516,NIKE INC,exact_ticker
702165,NORFOLK SOUTHERN CORPORATION,NSC,NSC,6BADC8,NORFOLK STHN CORP,exact_ticker
906163,"NVR, Inc.",NVR,NVR,68BD8X,NVR INC,exact_ticker
78814,PITNEY BOWES INC /DE/,PBI,PBI,7J68BG,PITNEY BOWES INC,exact_ticker
77476,"PepsiCo, Inc.",PEP,PEP,7I478C,PEPSICO INC,exact_ticker
80424,PROCTER & GAMBLE CO,PG,PG,7B6989,PROCTER & GAMBLE CO,exact_ticker
85961,"RYDER SYSTEM, INC.",R,R,7FB89D,RYDER SYS INC,exact_ticker
1024478,"ROCKWELL AUTOMATION, INC",ROK,ROK,7EAC93,ROCKWELL AUTOMATION INC,exact_ticker
1060391,"REPUBLIC SERVICES, INC.",RSG,RSG,7D67CE,REP SVCS INC,exact_ticker
88121,SEABOARD CORPORATION,SEB,SEB,8B3555,SKANDINAVISKA ENSKILDA BANKEN AB,exact_ticker
16918,"CONSTELLATION BRANDS, INC.",STZ,STZ,2D139V,CONSTELLATION BRANDS INC,exact_ticker
96021,SYSCO CORP,SYY,SYY,8F89AB,SYSCO CORP,exact_ticker
97216,TEREX CORP,TEX,TEX,8G87EG,TEREX CORP,exact_ticker
27419,TARGET CORPORATION,TGT,TGT,8FD73G,TARGET CORP,exact_ticker
109198,"THE TJX COMPANIES, INC.",TJX,TJX,8F9794,TJX COS INC,exact_ticker
794170,"Toll Brothers, Inc.",TOL,TOL,8GHDBF,TOLL BROS INC,exact_ticker
916365,TRACTOR SUPPLY CO /DE/,TSCO,TSCO,8G96CC,TESCO PLC,exact_ticker
100493,"TYSON FOODS, INC.",TSN,TSN,9J26DD,TYSON FOODS INC,exact_ticker
217346,Textron Inc.,TXT,TXT,8GB523,TEXTRON INC,exact_ticker
100885,UNION PACIFIC CORP,UNP,UNP,997F99,UN PAC CORP,exact_ticker
1090727,"United Parcel Service, Inc.",UPS,UPS,9A2443,UTD PARCEL SVC INC,exact_ticker
1067701,"UNITED RENTALS, INC.",URI,URI,9A2499,UTD RENTS INC,exact_ticker
102037,UNIVERSAL CORP /VA/,UVV,UVV,9A479B,UNVL CORP,exact_ticker
103379,V. F. Corporation,VFC,VFC,9A9A24,V F CORP,exact_ticker
106640,WHIRLPOOL CORP /DE/,WHR,WHR,9F9652,WHIRLPOOL CORP,exact_ticker
1174922,"WYNN RESORTS, LIMITED",WYNN,WYNN,9HB44I,WYNN LAS VEGAS LLC,exact_ticker
1041061,"YUM! BRANDS, INC.",YUM,YUM,9HGCDH,YUM BRANDS INC,exact_ticker
